{
    "version": 1,
    "author": "Anonymous maker",
    "editor": "wokwi",
    "parts": [
      { "type": "board-esp32-devkit-c-v4", "id": "esp", "top": 0, "left": 0, "attrs": {} },
      {
        "type": "wokwi-led",
        "id": "led1",
        "top": -22.8,
        "left": -73,
        "attrs": { "color": "limegreen" }
      },
      {
        "type": "wokwi-led",
        "id": "led2",
        "top": 25.2,
        "left": -130.6,
        "attrs": { "color": "magenta" }
      }
    ],
    "connections": [
      [ "esp:TX", "$serialMonitor:RX", "", [] ],
      [ "esp:RX", "$serialMonitor:TX", "", [] ],
      [ "led1:A", "esp:33", "green", [ "v0" ] ],
      [ "led1:C", "esp:GND.1", "green", [ "v134.4", "h58" ] ],
      [ "led2:A", "esp:25", "green", [ "v38.4", "h105.6" ] ],
      [ "led2:C", "esp:GND.1", "green", [ "v86.4", "h115.6" ] ]
    ],
    "dependencies": {}
  }