{
    "version": 1,
    "author": "Anonymous maker",
    "editor": "wokwi",
    "parts": [
      { "type": "board-esp32-devkit-c-v4", "id": "esp", "top": 9.6, "left": 81.64, "attrs": {} },
      { "type": "wokwi-dht22", "id": "dht1", "top": -57.3, "left": -82.2, "attrs": {} }
    ],
    "connections": [
      [ "esp:TX", "$serialMonitor:RX", "", [] ],
      [ "esp:RX", "$serialMonitor:TX", "", [] ],
      [ "dht1:GND", "esp:GND.1", "black", [ "v105.6", "h124.8" ] ],
      [ "dht1:SDA", "esp:27", "green", [ "v76.8", "h144.1" ] ],
      [ "dht1:VCC", "esp:3V3", "red", [ "v28.8", "h96", "v-48" ] ]
    ],
    "dependencies": {}
  }