{
    "version": 1,
    "author": "Anonymous maker",
    "editor": "wokwi",
    "parts": [
      { "type": "board-esp32-devkit-c-v4", "id": "esp", "top": 0, "left": 0, "attrs": {} },
      { "type": "wokwi-led", "id": "led1", "top": 6, "left": -361, "attrs": { "color": "red" } },
      {
        "type": "wokwi-led",
        "id": "led2",
        "top": 6,
        "left": -255.4,
        "attrs": { "color": "yellow" }
      },
      {
        "type": "wokwi-led",
        "id": "led3",
        "top": 6,
        "left": -149.8,
        "attrs": { "color": "limegreen" }
      },
      {
        "type": "wokwi-resistor",
        "id": "r1",
        "top": 119.15,
        "left": -326.4,
        "attrs": { "value": "1000" }
      },
      {
        "type": "wokwi-resistor",
        "id": "r2",
        "top": 119.15,
        "left": -211.2,
        "attrs": { "value": "1000" }
      },
      {
        "type": "wokwi-resistor",
        "id": "r3",
        "top": 119.15,
        "left": -105.6,
        "attrs": { "value": "1000" }
      }
    ],
    "connections": [
      [ "esp:TX", "$serialMonitor:RX", "", [] ],
      [ "esp:RX", "$serialMonitor:TX", "", [] ],
      [ "led1:A", "r1:1", "green", [ "v76.8", "h9.6" ] ],
      [ "led2:A", "r2:1", "green", [ "v76.8", "h19.2" ] ],
      [ "esp:GND.1", "led3:C", "black", [ "h-139.01", "v0", "h0", "v0", "h0" ] ],
      [ "led3:A", "r3:1", "green", [ "v76.8", "h19.2" ] ],
      [ "r3:2", "esp:33", "green", [ "v-28.8", "h46.8" ] ],
      [ "esp:GND.1", "led2:C", "black", [ "h-244.61", "v-105.6" ] ],
      [ "r2:2", "esp:27", "green", [ "v19.2", "h8.4", "v0", "h0", "v0", "h124.8", "v-19.2" ] ],
      [ "esp:GND.1", "led1:C", "black", [ "h-283.01", "v0", "h9.6" ] ],
      [ "r1:2", "esp:26", "green", [ "h-1.2", "v-48", "h261.6", "v38.4" ] ]
    ],
    "dependencies": {}
  }